{
"Count": 142,
"Message": "Results returned successfully. NOTE: Any missing decoded values should be interpreted as NHTSA does not have data on the specific variable. Missing value should NOT be interpreted as an indication that a feature or technology is unavailable for a vehicle.",
"SearchCriteria": "VIN:<VIN>",
"Results": [
{
"Value": "",
"ValueId": "",
"Variable": "Suggested VIN",
"VariableId": 142
},
{
"Value": "6,7,11,400",
"ValueId": "6,7,11,400",
"Variable": "Error Code",
"VariableId": 143
},
{
"Value": "",
"ValueId": "",
"Variable": "Possible Values",
"VariableId": 144
},
{
"Value": null,
"ValueId": "",
"Variable": "Additional Error Text",
"VariableId": 156
},
{
"Value": "6 - Incomplete VIN; 7 - Manufacturer is not registered with NHTSA for sale or importation in the U.S. for use on U.S roads; Please contact the manufacturer directly for more information; 11 - Incorrect Model Year, decoded data may not be accurate; 400 - Invalid Characters Present (I, O, Q)",
"ValueId": "",
"Variable": "Error Text",
"VariableId": 191
},
{
"Value": null,
"ValueId": null,
"Variable": "Destination Market",
"VariableId": 10
},
{
"Value": null,
"ValueId": null,
"Variable": "Make",
"VariableId": 26
},
{
"Value": null,
"ValueId": null,
"Variable": "Manufacturer Name",
"VariableId": 27
},
{
"Value": null,
"ValueId": null,
"Variable": "Model",
"VariableId": 28
},
{
"Value": null,
"ValueId": "",
"Variable": "Model Year",
"VariableId": 29
},
{
"Value": null,
"ValueId": "",
"Variable": "Plant City",
"VariableId": 31
},
{
"Value": null,
"ValueId": "",
"Variable": "Series",
"VariableId": 34
},
{
"Value": null,
"ValueId": "",
"Variable": "Trim",
"VariableId": 38
},
{
"Value": null,
"ValueId": null,
"Variable": "Vehicle Type",
"VariableId": 39
},
{
"Value": null,
"ValueId": null,
"Variable": "Plant Country",
"VariableId": 75
},
{
"Value": null,
"ValueId": "",
"Variable": "Plant Company Name",
"VariableId": 76
},
{
"Value": null,
"ValueId": "",
"Variable": "Plant State",
"VariableId": 77
},
{
"Value": null,
"ValueId": "",
"Variable": "Trim2",
"VariableId": 109
},
{
"Value": null,
"ValueId": "",
"Variable": "Series2",
"VariableId": 110
},
{
"Value": null,
"ValueId": "",
"Variable": "Note",
"VariableId": 114
},
{
"Value": null,
"ValueId": "",
"Variable": "Base Price ($)",
"VariableId": 136
},
{
"Value": null,
"ValueId": "",
"Variable": "Manufacturer Id",
"VariableId": 157
},
{
"Value": null,
"ValueId": "",
"Variable": "Cash For Clunkers",
"VariableId": 158
},
{
"Value": null,
"ValueId": null,
"Variable": "Body Class",
"VariableId": 5
},
{
"Value": null,
"ValueId": "",
"Variable": "Doors",
"VariableId": 14
},
{
"Value": null,
"ValueId": "",
"Variable": "Windows",
"VariableId": 40
},
{
"Value": null,
"ValueId": null,
"Variable": "Wheel Base Type",
"VariableId": 60
},
{
"Value": null,
"ValueId": "",
"Variable": "Track Width",
"VariableId": 159
},
{
"Value": null,
"ValueId": null,
"Variable": "Gross Vehicle Weight Rating",
"VariableId": 25
},
{
"Value": null,
"ValueId": "",
"Variable": "Bed Length (inches)",
"VariableId": 49
},
{
"Value": null,
"ValueId": "",
"Variable": "Curb Weight (pounds)",
"VariableId": 54
},
{
"Value": null,
"ValueId": "",
"Variable": "Wheel Base (inches)",
"VariableId": 111
},
{
"Value": null,
"ValueId": "",
"Variable": "Wheel Base (inches) up to",
"VariableId": 112
},
{
"Value": null,
"ValueId": null,
"Variable": "Gross Combination Weight Rating",
"VariableId": 184
},
{
"Value": null,
"ValueId": null,
"Variable": "Gross Combination Weight Rating up to",
"VariableId": 185
},
{
"Value": null,
"ValueId": null,
"Variable": "Gross Vehicle Weight Rating up to",
"VariableId": 190
},
{
"Value": null,
"ValueId": null,
"Variable": "Bed Type",
"VariableId": 3
},
{
"Value": null,
"ValueId": null,
"Variable": "Cab Type",
"VariableId": 4
},
{
"Value": null,
"ValueId": null,
"Variable": "Trailer Type Connection",
"VariableId": 116
},
{
"Value": null,
"ValueId": null,
"Variable": "Trailer Body Type",
"VariableId": 117
},
{
"Value": null,
"ValueId": "",
"Variable": "Trailer Length (feet)",
"VariableId": 118
},
{
"Value": null,
"ValueId": "",
"Variable": "Other Trailer Info",
"VariableId": 155
},
{
"Value": null,
"ValueId": "",
"Variable": "Number of Wheels",
"VariableId": 115
},
{
"Value": null,
"ValueId": "",
"Variable": "Wheel Size Front (inches)",
"VariableId": 119
},
{
"Value": null,
"ValueId": "",
"Variable": "Wheel Size Rear (inches)",
"VariableId": 120
},
{
"Value": null,
"ValueId": null,
"Variable": "Entertainment System",
"VariableId": 23
},
{
"Value": null,
"ValueId": null,
"Variable": "Steering Location",
"VariableId": 36
},
{
"Value": null,
"ValueId": "",
"Variable": "Number of Seats",
"VariableId": 33
},
{
"Value": null,
"ValueId": "",
"Variable": "Number of Seat Rows",
"VariableId": 61
},
{
"Value": null,
"ValueId": null,
"Variable": "Transmission Style",
"VariableId": 37
},
{
"Value": null,
"ValueId": "",
"Variable": "Transmission Speeds",
"VariableId": 63
},
{
"Value": null,
"ValueId": null,
"Variable": "Drive Type",
"VariableId": 15
},
{
"Value": null,
"ValueId": "",
"Variable": "Axles",
"VariableId": 41
},
{
"Value": null,
"ValueId": null,
"Variable": "Axle Configuration",
"VariableId": 145
},
{
"Value": null,
"ValueId": null,
"Variable": "Brake System Type",
"VariableId": 42
},
{
"Value": null,
"ValueId": "",
"Variable": "Brake System Description",
"VariableId": 52
},
{
"Value": null,
"ValueId": "",
"Variable": "Battery Info",
"VariableId": 1
},
{
"Value": null,
"ValueId": null,
"Variable": "Battery Type",
"VariableId": 2
},
{
"Value": null,
"ValueId": "",
"Variable": "Number of Battery Cells per Module",
"VariableId": 48
},
{
"Value": null,
"ValueId": "",
"Variable": "Battery Current (Amps)",
"VariableId": 57
},
{
"Value": null,
"ValueId": "",
"Variable": "Battery Voltage (Volts)",
"VariableId": 58
},
{
"Value": null,
"ValueId": "",
"Variable": "Battery Energy (KWh)",
"VariableId": 59
},
{
"Value": null,
"ValueId": null,
"Variable": "EV Drive Unit",
"VariableId": 72
},
{
"Value": null,
"ValueId": "",
"Variable": "Battery Current (Amps) up to",
"VariableId": 132
},
{
"Value": null,
"ValueId": "",
"Variable": "Battery Voltage (Volts) up to",
"VariableId": 133
},
{
"Value": null,
"ValueId": "",
"Variable": "Battery Energy (KWh) up to",
"VariableId": 134
},
{
"Value": null,
"ValueId": "",
"Variable": "Number of Battery Modules per Pack",
"VariableId": 137
},
{
"Value": null,
"ValueId": "",
"Variable": "Number of Battery Packs per Vehicle",
"VariableId": 138
},
{
"Value": null,
"ValueId": null,
"Variable": "Charger Level",
"VariableId": 127
},
{
"Value": null,
"ValueId": "",
"Variable": "Charger Power (KW)",
"VariableId": 128
},
{
"Value": null,
"ValueId": "",
"Variable": "Engine Number of Cylinders",
"VariableId": 9
},
{
"Value": null,
"ValueId": "",
"Variable": "Displacement (CC)",
"VariableId": 11
},
{
"Value": null,
"ValueId": "",
"Variable": "Displacement (CI)",
"VariableId": 12
},
{
"Value": null,
"ValueId": "",
"Variable": "Displacement (L)",
"VariableId": 13
},
{
"Value": null,
"ValueId": "",
"Variable": "Engine Stroke Cycles",
"VariableId": 17
},
{
"Value": null,
"ValueId": "",
"Variable": "Engine Model",
"VariableId": 18
},
{
"Value": null,
"ValueId": "",
"Variable": "Engine Power (KW)",
"VariableId": 21
},
{
"Value": null,
"ValueId": null,
"Variable": "Fuel Type - Primary",
"VariableId": 24
},
{
"Value": null,
"ValueId": null,
"Variable": "Valve Train Design",
"VariableId": 62
},
{
"Value": null,
"ValueId": null,
"Variable": "Engine Configuration",
"VariableId": 64
},
{
"Value": null,
"ValueId": null,
"Variable": "Fuel Type - Secondary",
"VariableId": 66
},
{
"Value": null,
"ValueId": null,
"Variable": "Fuel Delivery / Fuel Injection Type",
"VariableId": 67
},
{
"Value": null,
"ValueId": "",
"Variable": "Engine Brake (hp)",
"VariableId": 71
},
{
"Value": null,
"ValueId": null,
"Variable": "Cooling Type",
"VariableId": 122
},
{
"Value": null,
"ValueId": "",
"Variable": "Engine Brake (hp) up to",
"VariableId": 125
},
{
"Value": null,
"ValueId": null,
"Variable": "Electrification Level",
"VariableId": 126
},
{
"Value": null,
"ValueId": "",
"Variable": "Other Engine Info",
"VariableId": 129
},
{
"Value": null,
"ValueId": null,
"Variable": "Turbo",
"VariableId": 135
},
{
"Value": null,
"ValueId": "",
"Variable": "Top Speed (MPH)",
"VariableId": 139
},
{
"Value": null,
"ValueId": "",
"Variable": "Engine Manufacturer",
"VariableId": 146
},
{
"Value": null,
"ValueId": null,
"Variable": "Pretensioner",
"VariableId": 78
},
{
"Value": null,
"ValueId": null,
"Variable": "Seat Belts Type",
"VariableId": 79
},
{
"Value": null,
"ValueId": "",
"Variable": "Other Restraint System Info",
"VariableId": 121
},
{
"Value": null,
"ValueId": null,
"Variable": "Curtain Air Bag Locations",
"VariableId": 55
},
{
"Value": null,
"ValueId": null,
"Variable": "Seat Cushion Air Bag Locations",
"VariableId": 56
},
{
"Value": null,
"ValueId": null,
"Variable": "Front Air Bag Locations",
"VariableId": 65
},
{
"Value": null,
"ValueId": null,
"Variable": "Knee Air Bag Locations",
"VariableId": 69
},
{
"Value": null,
"ValueId": null,
"Variable": "Side Air Bag Locations",
"VariableId": 107
},
{
"Value": null,
"ValueId": null,
"Variable": "Driver Assist",
"VariableId": 16
},
{
"Value": null,
"ValueId": null,
"Variable": "Adaptive Cruise Control (ACC)",
"VariableId": 81
},
{
"Value": null,
"ValueId": null,
"Variable": "Adaptive Headlights",
"VariableId": 82
},
{
"Value": null,
"ValueId": null,
"Variable": "Anti-lock Braking System (ABS)",
"VariableId": 86
},
{
"Value": null,
"ValueId": null,
"Variable": "Crash Imminent Braking (CIB)",
"VariableId": 87
},
{
"Value": null,
"ValueId": null,
"Variable": "Blind Spot Detection (BSD)",
"VariableId": 88
},
{
"Value": null,
"ValueId": null,
"Variable": "Electronic Stability Control (ESC)",
"VariableId": 99
},
{
"Value": null,
"ValueId": null,
"Variable": "Traction Control",
"VariableId": 100
},
{
"Value": null,
"ValueId": null,
"Variable": "Forward Collision Warning (FCW)",
"VariableId": 101
},
{
"Value": null,
"ValueId": null,
"Variable": "Lane Departure Warning (LDW)",
"VariableId": 102
},
{
"Value": null,
"ValueId": null,
"Variable": "Lane Keeping Support (LKS)",
"VariableId": 103
},
{
"Value": null,
"ValueId": null,
"Variable": "Rear Visibility System (RVS)",
"VariableId": 104
},
{
"Value": null,
"ValueId": null,
"Variable": "Parking Assist",
"VariableId": 105
},
{
"Value": null,
"ValueId": null,
"Variable": "TPMS",
"VariableId": 168
},
{
"Value": null,
"ValueId": "",
"Variable": "Active Safety System Note",
"VariableId": 169
},
{
"Value": null,
"ValueId": null,
"Variable": "Dynamic Brake Support (DBS)",
"VariableId": 170
},
{
"Value": null,
"ValueId": null,
"Variable": "Pedestrian Automatic Emergency Braking (PAEB)",
"VariableId": 171
},
{
"Value": null,
"ValueId": null,
"Variable": "Auto-Reverse System for Windows and Sunroofs",
"VariableId": 172
},
{
"Value": null,
"ValueId": null,
"Variable": "Automatic Pedestrian Alerting Sound (for Hybrid and EV only)",
"VariableId": 173
},
{
"Value": null,
"ValueId": null,
"Variable": "Automatic Crash Notification (CAN) / Advanced Automatic Crash Notification (AACN)",
"VariableId": 174
},
{
"Value": null,
"ValueId": null,
"Variable": "Event Data Recorder (EDR)",
"VariableId": 175
},
{
"Value": null,
"ValueId": null,
"Variable": "Keyless Ignition",
"VariableId": 176
},
{
"Value": null,
"ValueId": null,
"Variable": "Daytime Running Light (DRL)",
"VariableId": 177
},
{
"Value": null,
"ValueId": null,
"Variable": "Lower Beam Headlamp Light Source",
"VariableId": 178
},
{
"Value": null,
"ValueId": null,
"Variable": "Semiautomatic Headlamp Beam Switching",
"VariableId": 179
},
{
"Value": null,
"ValueId": null,
"Variable": "Adaptive Driving Beam (ADB)",
"VariableId": 180
},
{
"Value": null,
"ValueId": "",
"Variable": "SAE Automation Level",
"VariableId": 181
},
{
"Value": null,
"ValueId": "",
"Variable": "SAE Automation Level up to",
"VariableId": 182
},
{
"Value": null,
"ValueId": null,
"Variable": "Rear Cross Traffic Alert",
"VariableId": 183
},
{
"Value": null,
"ValueId": null,
"Variable": "NCSA Body Type",
"VariableId": 96
},
{
"Value": null,
"ValueId": null,
"Variable": "NCSA Make",
"VariableId": 97
},
{
"Value": null,
"ValueId": null,
"Variable": "NCSA Model",
"VariableId": 98
},
{
"Value": null,
"ValueId": "",
"Variable": "NCSA Note",
"VariableId": 186
},
{
"Value": null,
"ValueId": null,
"Variable": "NCSA Mapping Exception",
"VariableId": 187
},
{
"Value": null,
"ValueId": "",
"Variable": "NCSA Mapping Exception Approved On",
"VariableId": 188
},
{
"Value": null,
"ValueId": "",
"Variable": "NCSA Mapping Exception Approved By",
"VariableId": 189
},
{
"Value": null,
"ValueId": "",
"Variable": "Bus Length (feet)",
"VariableId": 147
},
{
"Value": null,
"ValueId": null,
"Variable": "Bus Floor Configuration Type",
"VariableId": 148
},
{
"Value": null,
"ValueId": null,
"Variable": "Bus Type",
"VariableId": 149
},
{
"Value": null,
"ValueId": "",
"Variable": "Other Bus Info",
"VariableId": 150
},
{
"Value": null,
"ValueId": null,
"Variable": "Custom Motorcycle Type",
"VariableId": 151
},
{
"Value": null,
"ValueId": null,
"Variable": "Motorcycle Suspension Type",
"VariableId": 152
},
{
"Value": null,
"ValueId": null,
"Variable": "Motorcycle Chassis Type",
"VariableId": 153
},
{
"Value": null,
"ValueId": "",
"Variable": "Other Motorcycle Info",
"VariableId": 154
}
]
}